<metadata xml:lang="en"><Esri><CreaDate>20200112</CreaDate><CreaTime>13061700</CreaTime><SyncOnce>FALSE</SyncOnce><SyncDate>20200113</SyncDate><SyncTime>11225100</SyncTime><ModDate>20200113</ModDate><ModTime>11225100</ModTime><DataProperties><lineage><Process ToolSource="C:\Program Files\ArcGIS\ArcToolbox\Toolboxes\Data Management Tools.tbx\AddSpatialIndex" Date="20070504" Time="114401">AddSpatialIndex j:\egis_repository\transportation\atl-centerline.shp 0 0 0 j:\egis_repository\transportation\atl-centerline.shp</Process><Process ToolSource="c:\users\jdowdy\appdata\local\programs\arcgis\pro\Resources\ArcToolbox\toolboxes\Conversion Tools.tbx\FeatureClassToFeatureClass" Date="20191209" Time="113418">FeatureClassToFeatureClass "Figure 4: Concentrations of Best &amp; Poorest Quality Sidewalks\Sidewalks With Roughness Data" "C:\Users\jdowdy\Desktop\ATP Sidewalk Data" ATP_Sidewalks_roughness.shp # "STR_LBL "STR_LBL" true true false 56 Text 0 0,First,#,Figure 4: Concentrations of Best &amp; Poorest Quality Sidewalks\Sidewalks With Roughness Data,STR_LBL,0,56;FULL_NAME "FULL_NAME" true true false 66 Text 0 0,First,#,Figure 4: Concentrations of Best &amp; Poorest Quality Sidewalks\Sidewalks With Roughness Data,FULL_NAME,0,66;CITY_CODE "CITY_CODE" true true false 19 Double 0 19,First,#,Figure 4: Concentrations of Best &amp; Poorest Quality Sidewalks\Sidewalks With Roughness Data,CITY_CODE,-1,-1;PATH_ID "PATH_ID" true true false 19 Double 0 19,First,#,Figure 4: Concentrations of Best &amp; Poorest Quality Sidewalks\Sidewalks With Roughness Data,PATH_ID,-1,-1;SYSTEM_ID "SYSTEM_ID" true true false 19 Double 0 19,First,#,Figure 4: Concentrations of Best &amp; Poorest Quality Sidewalks\Sidewalks With Roughness Data,SYSTEM_ID,-1,-1;DIRECTION "DIRECTION" true true false 2 Text 0 0,First,#,Figure 4: Concentrations of Best &amp; Poorest Quality Sidewalks\Sidewalks With Roughness Data,DIRECTION,0,2;ARC_ID "ARC_ID" true true false 19 Double 0 19,First,#,Figure 4: Concentrations of Best &amp; Poorest Quality Sidewalks\Sidewalks With Roughness Data,ARC_ID,-1,-1;GEO_OID "GEO_OID" true true false 19 Double 0 19,First,#,Figure 4: Concentrations of Best &amp; Poorest Quality Sidewalks\Sidewalks With Roughness Data,GEO_OID,-1,-1;QC_FLAG "QC_FLAG" true true false 3 Text 0 0,First,#,Figure 4: Concentrations of Best &amp; Poorest Quality Sidewalks\Sidewalks With Roughness Data,QC_FLAG,0,3;TADDR_TYPE "TADDR_TYPE" true true false 3 Text 0 0,First,#,Figure 4: Concentrations of Best &amp; Poorest Quality Sidewalks\Sidewalks With Roughness Data,TADDR_TYPE,0,3;OWNERSHIP "OWNERSHIP" true true false 4 Text 0 0,First,#,Figure 4: Concentrations of Best &amp; Poorest Quality Sidewalks\Sidewalks With Roughness Data,OWNERSHIP,0,4;DATA_SRC "DATA_SRC" true true false 19 Double 0 19,First,#,Figure 4: Concentrations of Best &amp; Poorest Quality Sidewalks\Sidewalks With Roughness Data,DATA_SRC,-1,-1;SUNSET "SUNSET" true true false 17 Double 0 17,First,#,Figure 4: Concentrations of Best &amp; Poorest Quality Sidewalks\Sidewalks With Roughness Data,SUNSET,-1,-1;SUNRISE "SUNRISE" true true false 17 Double 0 17,First,#,Figure 4: Concentrations of Best &amp; Poorest Quality Sidewalks\Sidewalks With Roughness Data,SUNRISE,-1,-1;METHOD "METHOD" true true false 4 Text 0 0,First,#,Figure 4: Concentrations of Best &amp; Poorest Quality Sidewalks\Sidewalks With Roughness Data,METHOD,0,4;A "A" true true false 12 Double 0 12,First,#,Figure 4: Concentrations of Best &amp; Poorest Quality Sidewalks\Sidewalks With Roughness Data,A,-1,-1;B "B" true true false 12 Double 0 12,First,#,Figure 4: Concentrations of Best &amp; Poorest Quality Sidewalks\Sidewalks With Roughness Data,B,-1,-1;PATH_TYPE "PATH_TYPE" true true false 3 Text 0 0,First,#,Figure 4: Concentrations of Best &amp; Poorest Quality Sidewalks\Sidewalks With Roughness Data,PATH_TYPE,0,3;ACTION "ACTION" true true false 3 Text 0 0,First,#,Figure 4: Concentrations of Best &amp; Poorest Quality Sidewalks\Sidewalks With Roughness Data,ACTION,0,3;PLAT_ID "PLAT_ID" true true false 10 Long 0 10,First,#,Figure 4: Concentrations of Best &amp; Poorest Quality Sidewalks\Sidewalks With Roughness Data,PLAT_ID,-1,-1;SRCH_NAME "SRCH_NAME" true true false 66 Text 0 0,First,#,Figure 4: Concentrations of Best &amp; Poorest Quality Sidewalks\Sidewalks With Roughness Data,SRCH_NAME,0,66;FEAT_CODE "FEAT_CODE" true true false 6 Text 0 0,First,#,Figure 4: Concentrations of Best &amp; Poorest Quality Sidewalks\Sidewalks With Roughness Data,FEAT_CODE,0,6;OBJECTID "OBJECTID" true true false 19 Double 0 19,First,#,Figure 4: Concentrations of Best &amp; Poorest Quality Sidewalks\Sidewalks With Roughness Data,OBJECTID,-1,-1;QUADRANT "QUADRANT" true true false 3 Text 0 0,First,#,Figure 4: Concentrations of Best &amp; Poorest Quality Sidewalks\Sidewalks With Roughness Data,QUADRANT,0,3;STR_DIR "STR_DIR" true true false 3 Text 0 0,First,#,Figure 4: Concentrations of Best &amp; Poorest Quality Sidewalks\Sidewalks With Roughness Data,STR_DIR,0,3;STR_NAME "STR_NAME" true true false 61 Text 0 0,First,#,Figure 4: Concentrations of Best &amp; Poorest Quality Sidewalks\Sidewalks With Roughness Data,STR_NAME,0,61;STR_TYPE "STR_TYPE" true true false 5 Text 0 0,First,#,Figure 4: Concentrations of Best &amp; Poorest Quality Sidewalks\Sidewalks With Roughness Data,STR_TYPE,0,5;STR_SUFFIX "STR_SUFFIX" true true false 3 Text 0 0,First,#,Figure 4: Concentrations of Best &amp; Poorest Quality Sidewalks\Sidewalks With Roughness Data,STR_SUFFIX,0,3;ZIP_L "ZIP_L" true true false 6 Text 0 0,First,#,Figure 4: Concentrations of Best &amp; Poorest Quality Sidewalks\Sidewalks With Roughness Data,ZIP_L,0,6;ZIP_R "ZIP_R" true true false 6 Text 0 0,First,#,Figure 4: Concentrations of Best &amp; Poorest Quality Sidewalks\Sidewalks With Roughness Data,ZIP_R,0,6;FROM_LEFT "FROM_LEFT" true true false 13 Double 0 13,First,#,Figure 4: Concentrations of Best &amp; Poorest Quality Sidewalks\Sidewalks With Roughness Data,FROM_LEFT,-1,-1;FROM_RIGHT "FROM_RIGHT" true true false 13 Double 0 13,First,#,Figure 4: Concentrations of Best &amp; Poorest Quality Sidewalks\Sidewalks With Roughness Data,FROM_RIGHT,-1,-1;TO_LEFT "TO_LEFT" true true false 13 Double 0 13,First,#,Figure 4: Concentrations of Best &amp; Poorest Quality Sidewalks\Sidewalks With Roughness Data,TO_LEFT,-1,-1;TO_RIGHT "TO_RIGHT" true true false 13 Double 0 13,First,#,Figure 4: Concentrations of Best &amp; Poorest Quality Sidewalks\Sidewalks With Roughness Data,TO_RIGHT,-1,-1;ADDR_TYPE "ADDR_TYPE" true true false 6 Text 0 0,First,#,Figure 4: Concentrations of Best &amp; Poorest Quality Sidewalks\Sidewalks With Roughness Data,ADDR_TYPE,0,6;LAST_MOD "LAST_MOD" true true false 51 Text 0 0,First,#,Figure 4: Concentrations of Best &amp; Poorest Quality Sidewalks\Sidewalks With Roughness Data,LAST_MOD,0,51;LENGTH "LENGTH" true true false 19 Double 3 18,First,#,Figure 4: Concentrations of Best &amp; Poorest Quality Sidewalks\Sidewalks With Roughness Data,LENGTH,-1,-1" #</Process><Process ToolSource="c:\program files\arcgis\pro\Resources\ArcToolbox\toolboxes\Data Management Tools.tbx\DefineProjection" Date="20200106" Time="172228">DefineProjection ATP_Sidewalks_roughness PROJCS['NAD_1983_NSRS2007_StatePlane_Georgia_West_FIPS_1002_Ft_US',GEOGCS['GCS_NAD_1983_NSRS2007',DATUM['D_NAD_1983_NSRS2007',SPHEROID['GRS_1980',6378137.0,298.257222101]],PRIMEM['Greenwich',0.0],UNIT['Degree',0.0174532925199433]],PROJECTION['Transverse_Mercator'],PARAMETER['False_Easting',2296583.333333333],PARAMETER['False_Northing',0.0],PARAMETER['Central_Meridian',-84.16666666666667],PARAMETER['Scale_Factor',0.9999],PARAMETER['Latitude_Of_Origin',30.0],UNIT['Foot_US',0.3048006096012192]]</Process><Process ToolSource="c:\program files\arcgis\pro\Resources\ArcToolbox\toolboxes\Data Management Tools.tbx\DefineProjection" Date="20200106" Time="172517">DefineProjection ATP_Sidewalks_roughness PROJCS['NAD_1983_StatePlane_Georgia_West_FIPS_1002_Feet',GEOGCS['GCS_North_American_1983',DATUM['D_North_American_1983',SPHEROID['GRS_1980',6378137.0,298.257222101]],PRIMEM['Greenwich',0.0],UNIT['Degree',0.0174532925199433]],PROJECTION['Transverse_Mercator'],PARAMETER['False_Easting',2296583.333333333],PARAMETER['False_Northing',0.0],PARAMETER['Central_Meridian',-84.16666666666667],PARAMETER['Scale_Factor',0.9999],PARAMETER['Latitude_Of_Origin',30.0],UNIT['Foot_US',0.3048006096012192]]</Process><Process ToolSource="c:\program files (x86)\arcgis\desktop10.6\ArcToolbox\Toolboxes\Data Management Tools.tbx\Project" Date="20200112" Time="130618">Project "D:\Emory SRTS\SRTS\ATP Sidewalk Data\ATP_Sidewalks_roughness.shp" "D:\Emory SRTS\SRTS\SRTS.gdb\ATP_Sidewalks_roughness" PROJCS['NAD_1983_NSRS2007_StatePlane_Georgia_West_FIPS_1002_Ft_US',GEOGCS['GCS_NAD_1983_NSRS2007',DATUM['D_NAD_1983_NSRS2007',SPHEROID['GRS_1980',6378137.0,298.257222101]],PRIMEM['Greenwich',0.0],UNIT['Degree',0.0174532925199433]],PROJECTION['Transverse_Mercator'],PARAMETER['False_Easting',2296583.333333333],PARAMETER['False_Northing',0.0],PARAMETER['Central_Meridian',-84.16666666666667],PARAMETER['Scale_Factor',0.9999],PARAMETER['Latitude_Of_Origin',30.0],UNIT['Foot_US',0.3048006096012192]] 'NAD_1983_To_HARN_Georgia + NAD_1983_HARN_To_NAD_1983_NSRS2007_1' PROJCS['NAD_1983_StatePlane_Georgia_West_FIPS_1002_Feet',GEOGCS['GCS_North_American_1983',DATUM['D_North_American_1983',SPHEROID['GRS_1980',6378137.0,298.257222101]],PRIMEM['Greenwich',0.0],UNIT['Degree',0.0174532925199433]],PROJECTION['Transverse_Mercator'],PARAMETER['False_Easting',2296583.333333333],PARAMETER['False_Northing',0.0],PARAMETER['Central_Meridian',-84.16666666666667],PARAMETER['Scale_Factor',0.9999],PARAMETER['Latitude_Of_Origin',30.0],UNIT['Foot_US',0.3048006096012192]] NO_PRESERVE_SHAPE # NO_VERTICAL</Process><Process ToolSource="c:\program files\arcgis\pro\Resources\ArcToolbox\toolboxes\Data Management Tools.tbx\CopyFeatures" Date="20200113" Time="112054">CopyFeatures "ArcMap Contents for Export\ATP_Sidewalks_roughness" "E:\Emory SRTS\SRTS\Map.gdb\Sidewalks_Washington" # # # #</Process><Process ToolSource="c:\program files\arcgis\pro\Resources\ArcToolbox\toolboxes\Data Management Tools.tbx\CopyFeatures" Date="20200113" Time="112254">CopyFeatures Sidewalks_Washington "E:\Emory SRTS\SRTS\TO_SHARE\Sidewalks_Washington.shp" # # # #</Process></lineage><itemProps><itemLocation><linkage Sync="TRUE">file://\\ABI-5J206K2\E$\Emory SRTS\SRTS\TO_SHARE\Sidewalks_Washington.shp</linkage><protocol Sync="TRUE">Local Area Network</protocol></itemLocation><itemName Sync="TRUE">Sidewalks_Washington</itemName><imsContentType Sync="TRUE">002</imsContentType><itemSize Sync="TRUE">0.000</itemSize></itemProps><copyHistory><copy source="C:\Users\odaelhousen\OneDrive - VHB\Documents\ArcGIS\Packages\All_ATP_221E07CC-5565-4C46-B2A1-1CF1A2335F3C\commondata\sidewalk_roughness\Streets_W_Collection_Point_90ft" dest="\\Z6947\C$\Users\odaelhousen\OneDrive - VHB\Desktop\All_ATP_Final\commondata\sidewalk_roughness\Streets_W_Collection_Point_90ft" date="20180516" time="17534200"></copy></copyHistory><coordRef><type Sync="TRUE">Projected</type><geogcsn Sync="TRUE">GCS_NAD_1983_NSRS2007</geogcsn><csUnits Sync="TRUE">Linear Unit: Foot_US (0.304801)</csUnits><projcsn Sync="TRUE">NAD_1983_NSRS2007_StatePlane_Georgia_West_FIPS_1002_Ft_US</projcsn><peXml Sync="TRUE">&lt;ProjectedCoordinateSystem xsi:type='typens:ProjectedCoordinateSystem' xmlns:xsi='http://www.w3.org/2001/XMLSchema-instance' xmlns:xs='http://www.w3.org/2001/XMLSchema' xmlns:typens='http://www.esri.com/schemas/ArcGIS/2.2.0'&gt;&lt;WKT&gt;PROJCS[&amp;quot;NAD_1983_NSRS2007_StatePlane_Georgia_West_FIPS_1002_Ft_US&amp;quot;,GEOGCS[&amp;quot;GCS_NAD_1983_NSRS2007&amp;quot;,DATUM[&amp;quot;D_NAD_1983_NSRS2007&amp;quot;,SPHEROID[&amp;quot;GRS_1980&amp;quot;,6378137.0,298.257222101]],PRIMEM[&amp;quot;Greenwich&amp;quot;,0.0],UNIT[&amp;quot;Degree&amp;quot;,0.0174532925199433]],PROJECTION[&amp;quot;Transverse_Mercator&amp;quot;],PARAMETER[&amp;quot;False_Easting&amp;quot;,2296583.333333333],PARAMETER[&amp;quot;False_Northing&amp;quot;,0.0],PARAMETER[&amp;quot;Central_Meridian&amp;quot;,-84.16666666666667],PARAMETER[&amp;quot;Scale_Factor&amp;quot;,0.9999],PARAMETER[&amp;quot;Latitude_Of_Origin&amp;quot;,30.0],UNIT[&amp;quot;Foot_US&amp;quot;,0.3048006096012192],AUTHORITY[&amp;quot;EPSG&amp;quot;,3521]]&lt;/WKT&gt;&lt;XOrigin&gt;-16150100&lt;/XOrigin&gt;&lt;YOrigin&gt;-43703500&lt;/YOrigin&gt;&lt;XYScale&gt;137255279.03396165&lt;/XYScale&gt;&lt;ZOrigin&gt;-100000&lt;/ZOrigin&gt;&lt;ZScale&gt;10000&lt;/ZScale&gt;&lt;MOrigin&gt;-100000&lt;/MOrigin&gt;&lt;MScale&gt;10000&lt;/MScale&gt;&lt;XYTolerance&gt;0.0032808333333333331&lt;/XYTolerance&gt;&lt;ZTolerance&gt;0.001&lt;/ZTolerance&gt;&lt;MTolerance&gt;0.001&lt;/MTolerance&gt;&lt;HighPrecision&gt;true&lt;/HighPrecision&gt;&lt;WKID&gt;3521&lt;/WKID&gt;&lt;LatestWKID&gt;3521&lt;/LatestWKID&gt;&lt;/ProjectedCoordinateSystem&gt;</peXml></coordRef></DataProperties><ArcGISFormat>1.0</ArcGISFormat></Esri><idinfo><native Sync="TRUE">Microsoft Windows XP Version 5.1 (Build 2600) Service Pack 2; ESRI ArcCatalog 9.2.2.1350</native><descript><langdata Sync="TRUE">en</langdata><abstract>REQUIRED: A brief narrative summary of the data set.</abstract><purpose>REQUIRED: A summary of the intentions with which the data set was developed.</purpose></descript><citation><citeinfo><origin>REQUIRED: The name of an organization or individual that developed the data set.</origin><pubdate>REQUIRED: The date when the data set is published or otherwise made available for release.</pubdate><title Sync="TRUE">atl-centerline</title><ftname Sync="TRUE">atl-centerline</ftname><geoform Sync="TRUE">vector digital data</geoform><onlink Sync="TRUE"></onlink></citeinfo></citation><timeperd><current>REQUIRED: The basis on which the time period of content information is determined.</current><timeinfo><sngdate><caldate>REQUIRED: The year (and optionally month, or month and day) for which the data set corresponds to the ground.</caldate></sngdate></timeinfo></timeperd><status><progress>REQUIRED: The state of the data set.</progress><update>REQUIRED: The frequency with which changes and additions are made to the data set after the initial data set is completed.</update></status><spdom><bounding><westbc Sync="TRUE">-84.550923</westbc><eastbc Sync="TRUE">-84.289698</eastbc><northbc Sync="TRUE">33.886972</northbc><southbc Sync="TRUE">33.647576</southbc></bounding><lboundng><leftbc Sync="TRUE">2179972.250500</leftbc><rightbc Sync="TRUE">2259143.439999</rightbc><bottombc Sync="TRUE">1327040.969828</bottombc><topbc Sync="TRUE">1413955.614255</topbc></lboundng></spdom><keywords><theme><themekt>REQUIRED: Reference to a formally registered thesaurus or a similar authoritative source of theme keywords.</themekt><themekey>REQUIRED: Common-use word or phrase used to describe the subject of the data set.</themekey></theme></keywords><accconst>REQUIRED: Restrictions and legal prerequisites for accessing the data set.</accconst><useconst>REQUIRED: Restrictions and legal prerequisites for using the data set after access is granted.</useconst><natvform Sync="TRUE">Shapefile</natvform></idinfo><dataIdInfo><envirDesc Sync="TRUE">Microsoft Windows 10 Version 10.0 (Build 15063) ; Esri ArcGIS 12.2.0.12813</envirDesc><dataLang><languageCode Sync="TRUE" value="eng"></languageCode><countryCode value="USA" Sync="TRUE"></countryCode></dataLang><idCitation><resTitle Sync="TRUE">Sidewalks_Washington</resTitle><presForm><PresFormCd Sync="TRUE" value="005"></PresFormCd></presForm></idCitation><spatRpType><SpatRepTypCd Sync="TRUE" value="001"></SpatRepTypCd></spatRpType><dataExt><geoEle><GeoBndBox esriExtentType="native"><westBL Sync="TRUE">2179972.2505</westBL><eastBL Sync="TRUE">2259143.439999</eastBL><northBL Sync="TRUE">1413955.614255</northBL><southBL Sync="TRUE">1327040.969828</southBL><exTypeCode Sync="TRUE">1</exTypeCode></GeoBndBox></geoEle></dataExt><geoBox esriExtentType="decdegrees"><westBL Sync="TRUE">-84.550923</westBL><eastBL Sync="TRUE">-84.289698</eastBL><northBL Sync="TRUE">33.886972</northBL><southBL Sync="TRUE">33.647576</southBL><exTypeCode Sync="TRUE">1</exTypeCode></geoBox></dataIdInfo><metainfo><langmeta Sync="TRUE">en</langmeta><metstdn Sync="TRUE">FGDC Content Standards for Digital Geospatial Metadata</metstdn><metstdv Sync="TRUE">FGDC-STD-001-1998</metstdv><mettc Sync="TRUE">local time</mettc><metc><cntinfo><cntorgp><cntper>REQUIRED: The person responsible for the metadata information.</cntper><cntorg>REQUIRED: The organization responsible for the metadata information.</cntorg></cntorgp><cntaddr><addrtype>REQUIRED: The mailing and/or physical address for the organization or individual.</addrtype><city>REQUIRED: The city of the address.</city><state>REQUIRED: The state or province of the address.</state><postal>REQUIRED: The ZIP or other postal code of the address.</postal></cntaddr><cntvoice>REQUIRED: The telephone number by which individuals can speak to the organization or individual.</cntvoice></cntinfo></metc><metd Sync="TRUE">20070919</metd></metainfo><mdLang><languageCode Sync="TRUE" value="eng"></languageCode><countryCode value="USA" Sync="TRUE"></countryCode></mdLang><mdStanName Sync="TRUE">ISO 19115 Geographic Information - Metadata</mdStanName><mdStanVer Sync="TRUE">DIS_ESRI1.0</mdStanVer><mdChar><CharSetCd Sync="TRUE" value="004"></CharSetCd></mdChar><mdHrLv><ScopeCd Sync="TRUE" value="005"></ScopeCd></mdHrLv><mdHrLvName Sync="TRUE">dataset</mdHrLvName><distinfo><resdesc Sync="TRUE">Downloadable Data</resdesc><stdorder><digform><digtinfo><transize Sync="TRUE">3.336</transize><dssize Sync="TRUE">3.336</dssize></digtinfo></digform></stdorder></distinfo><distInfo><distributor><distorTran><onLineSrc><orDesc Sync="TRUE">002</orDesc><linkage Sync="TRUE">file://</linkage><protocol Sync="TRUE">Local Area Network</protocol></onLineSrc><transSize Sync="TRUE">3.336</transSize></distorTran><distorFormat><formatName Sync="TRUE">Shapefile</formatName></distorFormat></distributor><distFormat><formatName Sync="TRUE">Shapefile</formatName></distFormat><distTranOps><transSize Sync="TRUE">0.000</transSize></distTranOps></distInfo><spdoinfo><direct Sync="TRUE">Vector</direct><ptvctinf><esriterm Name="Sidewalks_Washington"><efeatyp Sync="TRUE">Simple</efeatyp><efeageom code="3" Sync="TRUE"></efeageom><esritopo Sync="TRUE">FALSE</esritopo><efeacnt Sync="TRUE">0</efeacnt><spindex Sync="TRUE">FALSE</spindex><linrefer Sync="TRUE">FALSE</linrefer></esriterm></ptvctinf></spdoinfo><spatRepInfo><VectSpatRep><geometObjs Name="Sidewalks_Washington"><geoObjTyp><GeoObjTypCd value="002" Sync="TRUE"></GeoObjTypCd></geoObjTyp><geoObjCnt Sync="TRUE">0</geoObjCnt></geometObjs><topLvl><TopoLevCd value="001" Sync="TRUE"></TopoLevCd></topLvl></VectSpatRep></spatRepInfo><eainfo><detailed Name="Sidewalks_Washington"><enttyp><enttypl Sync="TRUE">Sidewalks_Washington</enttypl><enttypt Sync="TRUE">Feature Class</enttypt><enttypc Sync="TRUE">0</enttypc></enttyp><attr><attrlabl Sync="TRUE">FID</attrlabl><attalias Sync="TRUE">FID</attalias><attrtype Sync="TRUE">OID</attrtype><attwidth Sync="TRUE">4</attwidth><atprecis Sync="TRUE">0</atprecis><attscale Sync="TRUE">0</attscale><attrdef Sync="TRUE">Internal feature number.</attrdef><attrdefs Sync="TRUE">Esri</attrdefs><attrdomv><udom Sync="TRUE">Sequential unique whole numbers that are automatically generated.</udom></attrdomv></attr><attr><attrlabl Sync="TRUE">Shape</attrlabl><attalias Sync="TRUE">Shape</attalias><attrtype Sync="TRUE">Geometry</attrtype><attwidth Sync="TRUE">0</attwidth><atprecis Sync="TRUE">0</atprecis><attscale Sync="TRUE">0</attscale><attrdef Sync="TRUE">Feature geometry.</attrdef><attrdefs Sync="TRUE">ESRI</attrdefs><attrdomv><udom Sync="TRUE">Coordinates defining the features.</udom></attrdomv></attr><attr><attrlabl Sync="TRUE">STR_LBL</attrlabl><attalias Sync="TRUE">STR_LBL</attalias><attrtype Sync="TRUE">String</attrtype><attwidth Sync="TRUE">56</attwidth><atprecis Sync="TRUE">0</atprecis><attscale Sync="TRUE">0</attscale></attr><attr><attrlabl Sync="TRUE">FULL_NAME</attrlabl><attalias Sync="TRUE">FULL_NAME</attalias><attrtype Sync="TRUE">String</attrtype><attwidth Sync="TRUE">66</attwidth><atprecis Sync="TRUE">0</atprecis><attscale Sync="TRUE">0</attscale></attr><attr><attrlabl Sync="TRUE">CITY_CODE</attrlabl><attalias Sync="TRUE">CITY_CODE</attalias><attrtype Sync="TRUE">Double</attrtype><attwidth Sync="TRUE">19</attwidth><atprecis Sync="TRUE">0</atprecis><attscale Sync="TRUE">0</attscale></attr><attr><attrlabl Sync="TRUE">PATH_ID</attrlabl><attalias Sync="TRUE">PATH_ID</attalias><attrtype Sync="TRUE">Double</attrtype><attwidth Sync="TRUE">19</attwidth><atprecis Sync="TRUE">0</atprecis><attscale Sync="TRUE">0</attscale></attr><attr><attrlabl Sync="TRUE">SYSTEM_ID</attrlabl><attalias Sync="TRUE">SYSTEM_ID</attalias><attrtype Sync="TRUE">Double</attrtype><attwidth Sync="TRUE">19</attwidth><atprecis Sync="TRUE">0</atprecis><attscale Sync="TRUE">0</attscale></attr><attr><attrlabl Sync="TRUE">DIRECTION</attrlabl><attalias Sync="TRUE">DIRECTION</attalias><attrtype Sync="TRUE">String</attrtype><attwidth Sync="TRUE">2</attwidth><atprecis Sync="TRUE">0</atprecis><attscale Sync="TRUE">0</attscale></attr><attr><attrlabl Sync="TRUE">ARC_ID</attrlabl><attalias Sync="TRUE">ARC_ID</attalias><attrtype Sync="TRUE">Double</attrtype><attwidth Sync="TRUE">19</attwidth><atprecis Sync="TRUE">0</atprecis><attscale Sync="TRUE">0</attscale></attr><attr><attrlabl Sync="TRUE">GEO_OID</attrlabl><attalias Sync="TRUE">GEO_OID</attalias><attrtype Sync="TRUE">Double</attrtype><attwidth Sync="TRUE">19</attwidth><atprecis Sync="TRUE">0</atprecis><attscale Sync="TRUE">0</attscale></attr><attr><attrlabl Sync="TRUE">QC_FLAG</attrlabl><attalias Sync="TRUE">QC_FLAG</attalias><attrtype Sync="TRUE">String</attrtype><attwidth Sync="TRUE">3</attwidth><atprecis Sync="TRUE">0</atprecis><attscale Sync="TRUE">0</attscale></attr><attr><attrlabl Sync="TRUE">TADDR_TYPE</attrlabl><attalias Sync="TRUE">TADDR_TYPE</attalias><attrtype Sync="TRUE">String</attrtype><attwidth Sync="TRUE">3</attwidth><atprecis Sync="TRUE">0</atprecis><attscale Sync="TRUE">0</attscale></attr><attr><attrlabl Sync="TRUE">OWNERSHIP</attrlabl><attalias Sync="TRUE">OWNERSHIP</attalias><attrtype Sync="TRUE">String</attrtype><attwidth Sync="TRUE">4</attwidth><atprecis Sync="TRUE">0</atprecis><attscale Sync="TRUE">0</attscale></attr><attr><attrlabl Sync="TRUE">DATA_SRC</attrlabl><attalias Sync="TRUE">DATA_SRC</attalias><attrtype Sync="TRUE">Double</attrtype><attwidth Sync="TRUE">19</attwidth><atprecis Sync="TRUE">0</atprecis><attscale Sync="TRUE">0</attscale></attr><attr><attrlabl Sync="TRUE">SUNSET</attrlabl><attalias Sync="TRUE">SUNSET</attalias><attrtype Sync="TRUE">Double</attrtype><attwidth Sync="TRUE">19</attwidth><atprecis Sync="TRUE">0</atprecis><attscale Sync="TRUE">0</attscale></attr><attr><attrlabl Sync="TRUE">SUNRISE</attrlabl><attalias Sync="TRUE">SUNRISE</attalias><attrtype Sync="TRUE">Double</attrtype><attwidth Sync="TRUE">19</attwidth><atprecis Sync="TRUE">0</atprecis><attscale Sync="TRUE">0</attscale></attr><attr><attrlabl Sync="TRUE">METHOD</attrlabl><attalias Sync="TRUE">METHOD</attalias><attrtype Sync="TRUE">String</attrtype><attwidth Sync="TRUE">4</attwidth><atprecis Sync="TRUE">0</atprecis><attscale Sync="TRUE">0</attscale></attr><attr><attrlabl Sync="TRUE">A</attrlabl><attalias Sync="TRUE">A</attalias><attrtype Sync="TRUE">Double</attrtype><attwidth Sync="TRUE">19</attwidth><atprecis Sync="TRUE">0</atprecis><attscale Sync="TRUE">0</attscale></attr><attr><attrlabl Sync="TRUE">B</attrlabl><attalias Sync="TRUE">B</attalias><attrtype Sync="TRUE">Double</attrtype><attwidth Sync="TRUE">19</attwidth><atprecis Sync="TRUE">0</atprecis><attscale Sync="TRUE">0</attscale></attr><attr><attrlabl Sync="TRUE">PATH_TYPE</attrlabl><attalias Sync="TRUE">PATH_TYPE</attalias><attrtype Sync="TRUE">String</attrtype><attwidth Sync="TRUE">3</attwidth><atprecis Sync="TRUE">0</atprecis><attscale Sync="TRUE">0</attscale></attr><attr><attrlabl Sync="TRUE">ACTION</attrlabl><attalias Sync="TRUE">ACTION</attalias><attrtype Sync="TRUE">String</attrtype><attwidth Sync="TRUE">3</attwidth><atprecis Sync="TRUE">0</atprecis><attscale Sync="TRUE">0</attscale></attr><attr><attrlabl Sync="TRUE">PLAT_ID</attrlabl><attalias Sync="TRUE">PLAT_ID</attalias><attrtype Sync="TRUE">Integer</attrtype><attwidth Sync="TRUE">10</attwidth><atprecis Sync="TRUE">10</atprecis><attscale Sync="TRUE">0</attscale></attr><attr><attrlabl Sync="TRUE">SRCH_NAME</attrlabl><attalias Sync="TRUE">SRCH_NAME</attalias><attrtype Sync="TRUE">String</attrtype><attwidth Sync="TRUE">66</attwidth><atprecis Sync="TRUE">0</atprecis><attscale Sync="TRUE">0</attscale></attr><attr><attrlabl Sync="TRUE">FEAT_CODE</attrlabl><attalias Sync="TRUE">FEAT_CODE</attalias><attrtype Sync="TRUE">String</attrtype><attwidth Sync="TRUE">6</attwidth><atprecis Sync="TRUE">0</atprecis><attscale Sync="TRUE">0</attscale></attr><attr><attrlabl Sync="TRUE">OBJECTID</attrlabl><attalias Sync="TRUE">OBJECTID</attalias><attrtype Sync="TRUE">Double</attrtype><attwidth Sync="TRUE">19</attwidth><atprecis Sync="TRUE">0</atprecis><attscale Sync="TRUE">0</attscale></attr><attr><attrlabl Sync="TRUE">QUADRANT</attrlabl><attalias Sync="TRUE">QUADRANT</attalias><attrtype Sync="TRUE">String</attrtype><attwidth Sync="TRUE">3</attwidth><atprecis Sync="TRUE">0</atprecis><attscale Sync="TRUE">0</attscale></attr><attr><attrlabl Sync="TRUE">STR_DIR</attrlabl><attalias Sync="TRUE">STR_DIR</attalias><attrtype Sync="TRUE">String</attrtype><attwidth Sync="TRUE">3</attwidth><atprecis Sync="TRUE">0</atprecis><attscale Sync="TRUE">0</attscale></attr><attr><attrlabl Sync="TRUE">STR_NAME</attrlabl><attalias Sync="TRUE">STR_NAME</attalias><attrtype Sync="TRUE">String</attrtype><attwidth Sync="TRUE">61</attwidth><atprecis Sync="TRUE">0</atprecis><attscale Sync="TRUE">0</attscale></attr><attr><attrlabl Sync="TRUE">STR_TYPE</attrlabl><attalias Sync="TRUE">STR_TYPE</attalias><attrtype Sync="TRUE">String</attrtype><attwidth Sync="TRUE">5</attwidth><atprecis Sync="TRUE">0</atprecis><attscale Sync="TRUE">0</attscale></attr><attr><attrlabl Sync="TRUE">STR_SUFFIX</attrlabl><attalias Sync="TRUE">STR_SUFFIX</attalias><attrtype Sync="TRUE">String</attrtype><attwidth Sync="TRUE">3</attwidth><atprecis Sync="TRUE">0</atprecis><attscale Sync="TRUE">0</attscale></attr><attr><attrlabl Sync="TRUE">ZIP_L</attrlabl><attalias Sync="TRUE">ZIP_L</attalias><attrtype Sync="TRUE">String</attrtype><attwidth Sync="TRUE">6</attwidth><atprecis Sync="TRUE">0</atprecis><attscale Sync="TRUE">0</attscale></attr><attr><attrlabl Sync="TRUE">ZIP_R</attrlabl><attalias Sync="TRUE">ZIP_R</attalias><attrtype Sync="TRUE">String</attrtype><attwidth Sync="TRUE">6</attwidth><atprecis Sync="TRUE">0</atprecis><attscale Sync="TRUE">0</attscale></attr><attr><attrlabl Sync="TRUE">FROM_LEFT</attrlabl><attalias Sync="TRUE">FROM_LEFT</attalias><attrtype Sync="TRUE">Double</attrtype><attwidth Sync="TRUE">19</attwidth><atprecis Sync="TRUE">0</atprecis><attscale Sync="TRUE">0</attscale></attr><attr><attrlabl Sync="TRUE">FROM_RIGHT</attrlabl><attalias Sync="TRUE">FROM_RIGHT</attalias><attrtype Sync="TRUE">Double</attrtype><attwidth Sync="TRUE">19</attwidth><atprecis Sync="TRUE">0</atprecis><attscale Sync="TRUE">0</attscale></attr><attr><attrlabl Sync="TRUE">TO_LEFT</attrlabl><attalias Sync="TRUE">TO_LEFT</attalias><attrtype Sync="TRUE">Double</attrtype><attwidth Sync="TRUE">19</attwidth><atprecis Sync="TRUE">0</atprecis><attscale Sync="TRUE">0</attscale></attr><attr><attrlabl Sync="TRUE">TO_RIGHT</attrlabl><attalias Sync="TRUE">TO_RIGHT</attalias><attrtype Sync="TRUE">Double</attrtype><attwidth Sync="TRUE">19</attwidth><atprecis Sync="TRUE">0</atprecis><attscale Sync="TRUE">0</attscale></attr><attr><attrlabl Sync="TRUE">ADDR_TYPE</attrlabl><attalias Sync="TRUE">ADDR_TYPE</attalias><attrtype Sync="TRUE">String</attrtype><attwidth Sync="TRUE">6</attwidth><atprecis Sync="TRUE">0</atprecis><attscale Sync="TRUE">0</attscale></attr><attr><attrlabl Sync="TRUE">LAST_MOD</attrlabl><attalias Sync="TRUE">LAST_MOD</attalias><attrtype Sync="TRUE">String</attrtype><attwidth Sync="TRUE">51</attwidth><atprecis Sync="TRUE">0</atprecis><attscale Sync="TRUE">0</attscale></attr><attr><attrlabl Sync="TRUE">LENGTH</attrlabl><attalias Sync="TRUE">LENGTH</attalias><attrtype Sync="TRUE">Double</attrtype><attwidth Sync="TRUE">19</attwidth><atprecis Sync="TRUE">0</atprecis><attscale Sync="TRUE">0</attscale></attr><attr><attrlabl Sync="TRUE">Shape_Leng</attrlabl><attalias Sync="TRUE">Shape_Leng</attalias><attrtype Sync="TRUE">Double</attrtype><attwidth Sync="TRUE">19</attwidth><atprecis Sync="TRUE">0</atprecis><attscale Sync="TRUE">0</attscale></attr></detailed></eainfo><mdDateSt Sync="TRUE">20200113</mdDateSt><spref><horizsys><cordsysn><geogcsn Sync="TRUE">GCS_North_American_1983</geogcsn><projcsn Sync="TRUE">NAD_1983_StatePlane_Georgia_West_FIPS_1002_Feet</projcsn></cordsysn><planar><planci><plance Sync="TRUE">coordinate pair</plance><plandu Sync="TRUE">survey feet</plandu><coordrep><absres Sync="TRUE">0.000000</absres><ordres Sync="TRUE">0.000000</ordres></coordrep></planci></planar><geodetic><horizdn Sync="TRUE">North American Datum of 1983</horizdn><ellips Sync="TRUE">Geodetic Reference System 80</ellips><semiaxis Sync="TRUE">6378137.000000</semiaxis><denflat Sync="TRUE">298.257222</denflat></geodetic></horizsys></spref><refSysInfo><RefSystem><refSysID><identCode Sync="TRUE" code="3521">NAD_1983_StatePlane_Georgia_West_FIPS_1002_Feet</identCode><idCodeSpace Sync="TRUE">EPSG</idCodeSpace><idVersion Sync="TRUE">8.9.3(10.0.0)</idVersion></refSysID></RefSystem></refSysInfo><dataqual><lineage><procstep><procdesc Sync="TRUE">Dataset copied.</procdesc><srcused Sync="TRUE"></srcused><date Sync="TRUE">20080930</date><time Sync="TRUE">15043300</time></procstep></lineage></dataqual></metadata>
